col_00	col_01
1,2,3	4,5,6
7,8,9	10:11:12
7.005,8.123,9.100	7.005005:8.123456:9.100000
